{"BasicSettingController":{"Data":{"ProgramToRun":"C:\\Users\\Razvan\\source\\repos\\OOP_Practic_Antrenament1\\x64\\Debug\\OOP_Practic_Antrenament1.exe","OptionalWorkingDirectory":"C:\\Users\\Razvan\\source\\repos\\OOP_Practic_Antrenament1\\OOP_Practic_Antrenament1\\","Arguments":"","CompileBeforeRunning":true,"OptimizedBuild":false},"IsSelectedByProjectPath":{"OOP_Practic_Antrenament1\\OOP_Practic_Antrenament1.vcxproj":true}},"FilterSettingController":{"AdditionalSourcePatterns":[],"AdditionalModulePatterns":[],"ExcludedSourcePatterns":[],"ExcludedModulePatterns":[],"UnifiedDiffs":[]},"ImportExportSettingController":{"Exports":[],"InputCoverages":[],"CoverChildrenProcesses":false,"AggregateByFile":true},"MiscellaneousSettingController":{"OptionalConfigFile":null,"LogTypeValue":0,"ContinueAfterCppExceptions":false}}