{"BasicSettingController":{"Data":{"ProgramToRun":"C:\\Users\\Razvan\\source\\repos\\OOP_Antrenament_1\\x64\\Debug\\OOP_Antrenament_1.exe","OptionalWorkingDirectory":"C:\\Users\\Razvan\\source\\repos\\OOP_Antrenament_1\\OOP_Antrenament_1\\","Arguments":"","CompileBeforeRunning":true,"OptimizedBuild":false},"IsSelectedByProjectPath":{"OOP_Antrenament_1\\OOP_Antrenament_1.vcxproj":true}},"FilterSettingController":{"AdditionalSourcePatterns":[],"AdditionalModulePatterns":[],"ExcludedSourcePatterns":[],"ExcludedModulePatterns":[],"UnifiedDiffs":[]},"ImportExportSettingController":{"Exports":[],"InputCoverages":[],"CoverChildrenProcesses":false,"AggregateByFile":true},"MiscellaneousSettingController":{"OptionalConfigFile":null,"LogTypeValue":0,"ContinueAfterCppExceptions":false}}